mhjd,mag_A,magerr_A,mag_B,magerr_B,mag_C,magerr_C,mag_D,magerr_D,telescope
58274.42545,20.60166,0.03574,20.52236,0.01917,20.55925,0.00819,21.31303,0.01978,WFI
58276.41348,20.58110,0.03034,20.51284,0.02140,20.61388,0.02844,21.19794,0.04940,WFI
58277.42146,20.56077,0.02620,20.50212,0.01240,20.59454,0.01135,21.22104,0.02760,WFI
58282.42610,20.55482,0.01254,20.52427,0.00326,20.52698,0.01282,21.26147,0.04355,WFI
58283.41217,20.55889,0.01762,20.53558,0.00480,20.53155,0.01678,21.29467,0.02177,WFI
58284.41433,20.58853,0.01427,20.48864,0.02367,20.54636,0.01164,21.20589,0.03941,WFI
58286.41821,20.59118,0.01415,20.51228,0.00165,20.53733,0.02486,21.24812,0.03633,WFI
58287.43365,20.55838,0.01267,20.49460,0.00917,20.52182,0.02988,21.26885,0.02862,WFI
58289.41355,20.53683,0.01286,20.53269,0.01799,20.51268,0.00685,21.27613,0.03395,WFI
58290.41369,20.55339,0.03034,20.50562,0.02140,20.50602,0.02844,21.32798,0.04940,WFI
58291.39665,20.54879,0.01060,20.53119,0.01105,20.53046,0.00357,21.25360,0.02084,WFI
58296.40873,20.55185,0.03119,20.63315,0.01832,20.51925,0.04558,21.23333,0.01461,WFI
58297.41133,20.51766,0.05774,20.56302,0.03881,20.51928,0.02734,21.06215,0.06410,WFI
58298.40077,20.53600,0.05142,20.48453,0.05062,20.61788,0.05892,21.10496,0.07190,WFI
58306.44139,20.59398,0.03034,20.48230,0.02140,20.53429,0.02844,21.21658,0.04940,WFI
58307.41269,20.55275,0.01596,20.50041,0.01195,20.49767,0.01302,21.29459,0.03458,WFI
58308.40987,20.57103,0.00388,20.49399,0.01382,20.54814,0.01040,21.23809,0.02968,WFI
58309.41529,20.58842,0.00158,20.48877,0.00689,20.52248,0.00275,21.24562,0.01285,WFI
58310.41667,20.55744,0.00068,20.50007,0.00991,20.55224,0.00158,21.25067,0.01190,WFI
58311.41749,20.59425,0.00669,20.50782,0.01534,20.53141,0.01178,21.18451,0.03081,WFI
58312.41840,20.53719,0.00256,20.50751,0.00413,20.54431,0.00663,21.24839,0.00477,WFI
58313.41268,20.54135,0.00382,20.48006,0.00532,20.52961,0.00503,21.25984,0.01172,WFI
58314.42229,20.53497,0.01147,20.49945,0.00191,20.52683,0.00047,21.25371,0.02061,WFI
58315.43156,20.55889,0.00830,20.48916,0.00811,20.48467,0.00408,21.25422,0.00972,WFI
58321.40985,20.51985,0.02100,20.51090,0.03625,20.52025,0.01687,21.29880,0.03718,WFI
58322.38491,20.53888,0.01128,20.50459,0.01248,20.53718,0.00543,21.28697,0.01505,WFI
58329.42072,20.51069,0.05191,20.48089,0.03934,20.53287,0.02101,21.10766,0.01216,WFI
58332.38878,20.51317,0.01100,20.50396,0.00820,20.47963,0.02554,21.24819,0.02763,WFI
58334.36619,20.52996,0.00588,20.48242,0.00639,20.53725,0.00530,21.24324,0.03582,WFI
58335.36059,20.54372,0.02227,20.49690,0.00398,20.52397,0.02030,21.25883,0.03013,WFI
58336.39048,20.49955,0.00755,20.51752,0.00183,20.50860,0.00914,21.30166,0.01838,WFI
58338.38972,20.50747,0.01007,20.51256,0.00799,20.53478,0.01091,21.21084,0.01259,WFI
58339.32556,20.50960,0.00968,20.50217,0.00906,20.50363,0.01494,21.29614,0.03676,WFI
58344.35808,20.53280,0.02170,20.52133,0.00703,20.48654,0.00708,21.22273,0.01131,WFI
58345.39297,20.54003,0.00858,20.51913,0.00461,20.49073,0.01018,21.27806,0.00498,WFI
58346.38628,20.53403,0.00254,20.51737,0.00026,20.47847,0.00557,21.28175,0.01363,WFI
58347.35647,20.53581,0.00364,20.52924,0.00506,20.49219,0.00197,21.28421,0.00621,WFI
58349.39889,20.54210,0.00655,20.54201,0.00961,20.50407,0.01125,21.26615,0.00515,WFI
58350.27041,20.54816,0.00609,20.53864,0.00321,20.51800,0.01157,21.30228,0.01150,WFI
58351.36067,20.57856,0.00673,20.54435,0.00831,20.49472,0.00863,21.29750,0.02157,WFI
58352.35426,20.54003,0.03559,20.53612,0.01399,20.53321,0.03619,21.22445,0.03571,WFI
58355.39996,20.51963,0.02311,20.56752,0.01498,20.51422,0.03784,21.30736,0.10879,WFI
58356.37497,20.62062,0.01122,20.52594,0.01198,20.48331,0.01056,21.25099,0.03405,WFI
58357.33865,20.55911,0.00573,20.49179,0.00487,20.50819,0.00643,21.30735,0.01575,WFI
58358.38869,20.55987,0.01052,20.50099,0.00802,20.51415,0.01504,21.26192,0.03633,WFI
58359.38742,20.56083,0.03034,20.52534,0.02140,20.53875,0.02844,21.25966,0.04940,WFI
58360.35275,20.47845,0.01506,20.53124,0.02222,20.55986,0.03112,21.35315,0.02288,WFI
58363.32676,20.55093,0.03501,20.54258,0.03427,20.50330,0.02413,21.26553,0.05258,WFI
58364.28258,20.55230,0.01521,20.55645,0.00409,20.54293,0.02568,21.22830,0.04334,WFI
58365.33334,20.55251,0.01506,20.55243,0.00615,20.54224,0.01416,21.26915,0.01928,WFI
58366.25850,20.54628,0.00288,20.53919,0.00576,20.53265,0.00512,21.28225,0.01570,WFI
58367.29711,20.56261,0.00293,20.53382,0.00317,20.51528,0.00907,21.26180,0.03447,WFI
58368.24952,20.56154,0.01430,20.56757,0.00559,20.53256,0.01272,21.26865,0.00688,WFI
58369.38072,20.57929,0.00774,20.56250,0.00491,20.53311,0.00549,21.27663,0.01641,WFI
58370.39750,20.55191,0.00739,20.55449,0.00906,20.53638,0.00278,21.27639,0.01982,WFI
58372.37769,20.60622,0.04284,20.57220,0.02801,20.47464,0.03492,21.33963,0.02811,WFI
58375.25764,20.57745,0.01461,20.56662,0.00207,20.50362,0.01819,21.34576,0.05530,WFI
58376.34167,20.59015,0.01177,20.56723,0.01790,20.51137,0.00145,21.28257,0.01614,WFI
58378.25764,20.59012,0.00926,20.58971,0.00486,20.54415,0.00535,21.28592,0.01633,WFI
58379.32427,20.59565,0.02481,20.61629,0.00997,20.59009,0.01022,21.21279,0.02149,WFI
58380.33969,20.60739,0.00618,20.62772,0.00700,20.53923,0.00862,21.26811,0.01949,WFI
58382.27744,20.63372,0.01011,20.63709,0.01505,20.52841,0.00637,21.27190,0.00959,WFI
58383.25268,20.57589,0.01254,20.61439,0.01458,20.55575,0.01448,21.25050,0.00501,WFI
58384.35790,20.57276,0.00378,20.64939,0.00027,20.55982,0.01986,21.26669,0.03300,WFI
58385.34679,20.58308,0.01047,20.61261,0.00721,20.54058,0.01801,21.27306,0.02456,WFI
58393.17824,20.63895,0.00906,20.66764,0.00354,20.57490,0.01345,21.30268,0.01611,WFI
58394.16460,20.64412,0.00618,20.67211,0.00498,20.60068,0.00509,21.31147,0.01434,WFI
58397.19001,20.65663,0.00526,20.67293,0.00588,20.61764,0.00122,21.29550,0.02267,WFI
58398.28086,20.64289,0.00487,20.68551,0.01211,20.60202,0.00654,21.33568,0.01591,WFI
58404.28078,20.67165,0.00943,20.70355,0.02581,20.59967,0.00693,21.33507,0.04814,WFI
58407.26406,20.68203,0.00335,20.68413,0.00547,20.63202,0.00236,21.33802,0.01687,WFI
58408.21820,20.65098,0.04779,20.68663,0.00289,20.68239,0.03767,21.24594,0.01062,WFI
58409.22893,20.70307,0.01168,20.66050,0.00770,20.62482,0.01129,21.35703,0.03943,WFI
58410.25955,20.66556,0.02001,20.67326,0.00502,20.68544,0.00688,21.33675,0.02423,WFI
58411.21567,20.70278,0.03139,20.69088,0.00754,20.61580,0.00734,21.29674,0.01736,WFI
58412.32382,20.66799,0.00459,20.65091,0.00936,20.62782,0.00538,21.33611,0.00568,WFI
58413.16788,20.67439,0.03034,20.65913,0.02140,20.61194,0.02844,21.35513,0.04940,WFI
58418.23489,20.65751,0.00759,20.66447,0.00635,20.65075,0.00907,21.33552,0.02544,WFI
58419.25949,20.70534,0.00602,20.64306,0.00110,20.65337,0.00589,21.31787,0.04003,WFI
58423.24370,20.66914,0.00222,20.64127,0.00976,20.65064,0.00834,21.31673,0.00828,WFI
58424.23292,20.68813,0.00736,20.65872,0.00548,20.62596,0.00863,21.34112,0.00688,WFI
58425.29292,20.65392,0.00075,20.65730,0.00297,20.63290,0.00342,21.35753,0.00252,WFI
58426.27033,20.69016,0.00188,20.65861,0.00241,20.65113,0.00511,21.35062,0.00718,WFI
58427.13916,20.67408,0.00645,20.64110,0.00147,20.63629,0.00201,21.35469,0.01288,WFI
58428.24989,20.65935,0.00308,20.63393,0.00369,20.63948,0.00514,21.37274,0.01337,WFI
58429.25775,20.67188,0.00899,20.66259,0.01269,20.63238,0.00592,21.36064,0.01639,WFI
58430.29101,20.67149,0.00271,20.64833,0.00372,20.64955,0.00825,21.35156,0.00925,WFI
58431.16720,20.64957,0.00878,20.64773,0.00518,20.65040,0.01208,21.37448,0.00761,WFI
58432.16328,20.63689,0.01925,20.64152,0.00869,20.66343,0.04052,21.34416,0.02731,WFI
58433.15141,20.68098,0.01102,20.62456,0.01503,20.64049,0.01319,21.39711,0.02059,WFI
58434.12630,20.60945,0.10049,20.62918,0.03612,20.75451,0.05885,21.21167,0.09484,WFI
58435.19879,20.61960,0.01207,20.63793,0.00534,20.66560,0.02100,21.36022,0.02510,WFI
58436.13911,20.64767,0.03876,20.72289,0.01266,20.60957,0.01476,21.28165,0.03903,WFI
58438.16789,20.65778,0.00669,20.63511,0.00259,20.62957,0.00575,21.36203,0.00189,WFI
58439.16765,20.64383,0.01098,20.65128,0.00977,20.63601,0.00325,21.34456,0.00326,WFI
58441.12587,20.63844,0.00986,20.64763,0.00735,20.62887,0.00641,21.35303,0.01898,WFI
58445.17087,20.60609,0.01978,20.67722,0.00688,20.61374,0.01152,21.40973,0.05437,WFI
58446.18985,20.67381,0.00145,20.65300,0.01386,20.63571,0.01060,21.30558,0.00962,WFI
58447.17880,20.69397,0.00617,20.65833,0.00760,20.62465,0.00441,21.31740,0.04055,WFI
58448.22741,20.65301,0.00754,20.68201,0.00525,20.63970,0.00962,21.38946,0.00755,WFI
58449.10352,20.66997,0.00771,20.66446,0.00494,20.64509,0.00739,21.38689,0.01074,WFI
58450.18277,20.67358,0.00909,20.67918,0.00732,20.64026,0.00473,21.34031,0.00455,WFI
58451.17711,20.66209,0.00075,20.67369,0.00171,20.64782,0.00623,21.37376,0.00975,WFI
58452.15897,20.66746,0.00896,20.67632,0.01040,20.64252,0.00198,21.34969,0.00764,WFI
58453.23105,20.68082,0.00839,20.65653,0.01479,20.62300,0.00221,21.32736,0.01213,WFI
58454.17656,20.66994,0.00711,20.69274,0.01198,20.61751,0.01410,21.34526,0.01908,WFI
58455.19019,20.66152,0.01299,20.68234,0.00513,20.65996,0.01312,21.39650,0.02218,WFI
58457.22978,20.72489,0.00762,20.63152,0.01163,20.66784,0.01599,21.38466,0.04045,WFI
58458.19443,20.62794,0.01700,20.62854,0.00779,20.68580,0.02329,21.33282,0.02025,WFI
58459.20051,20.69407,0.02717,20.65079,0.00470,20.62187,0.03377,21.36404,0.03692,WFI
58460.22323,20.65988,0.01044,20.65942,0.01733,20.62218,0.00504,21.41401,0.02672,WFI
58461.19410,20.68919,0.00994,20.67162,0.00955,20.64532,0.00650,21.38243,0.03323,WFI
58462.20012,20.67711,0.02748,20.68030,0.01446,20.61462,0.00381,21.41367,0.02686,WFI
58463.20057,20.68611,0.01256,20.66575,0.00533,20.64496,0.00722,21.33755,0.01363,WFI
58464.18024,20.68446,0.00868,20.67549,0.00178,20.64280,0.00442,21.41812,0.01236,WFI
58465.16250,20.71447,0.01407,20.66919,0.00566,20.67527,0.00813,21.35613,0.01643,WFI
58466.16421,20.66651,0.01293,20.66150,0.00690,20.67615,0.01138,21.43215,0.02896,WFI
58467.20070,20.69345,0.00933,20.65590,0.00234,20.65846,0.00474,21.41533,0.01033,WFI
58468.18164,20.68862,0.02218,20.64399,0.01778,20.69321,0.02824,21.39706,0.00745,WFI
58469.15322,20.74927,0.01829,20.62144,0.01040,20.64801,0.01587,21.34724,0.00129,WFI
58471.13390,20.65405,0.05128,20.59906,0.00665,20.67255,0.01648,21.43779,0.04550,WFI
58472.14600,20.67498,0.04398,20.56376,0.00875,20.64217,0.01963,21.39168,0.04982,WFI
58473.16157,20.66342,0.00237,20.60495,0.00668,20.64709,0.01611,21.42092,0.00633,WFI
58474.17963,20.69599,0.01813,20.64185,0.01784,20.62604,0.02711,21.34180,0.01856,WFI
58475.09752,20.67317,0.01438,20.57711,0.01281,20.65953,0.00821,21.36407,0.04032,WFI
58476.09279,20.68724,0.01806,20.56758,0.01301,20.65635,0.00915,21.37446,0.03411,WFI
58477.10987,20.68743,0.01018,20.54878,0.00863,20.65549,0.00670,21.39504,0.00359,WFI
58479.10503,20.61207,0.00137,20.51670,0.00211,20.61454,0.00275,21.34716,0.01547,WFI
58481.13258,20.64785,0.00588,20.53500,0.00211,20.65953,0.01232,21.37695,0.00927,WFI
58486.11218,20.65708,0.04137,20.46573,0.02041,20.62892,0.01989,21.37574,0.04039,WFI
58487.10499,20.60608,0.00343,20.50566,0.00295,20.61183,0.01103,21.37373,0.00849,WFI
58488.06952,20.62454,0.00279,20.48465,0.00805,20.58777,0.01080,21.34507,0.01451,WFI
58494.04301,20.58150,0.01493,20.51148,0.01172,20.58923,0.02505,21.31683,0.03007,WFI
58495.04772,20.57998,0.00687,20.48110,0.00521,20.55093,0.00961,21.35096,0.00565,WFI
58496.05286,20.60577,0.01597,20.51666,0.00749,20.61447,0.02341,21.25907,0.05417,WFI
58497.07477,20.57509,0.00128,20.50200,0.01258,20.55668,0.01834,21.28513,0.03352,WFI
58498.06779,20.56088,0.01011,20.50049,0.00575,20.51518,0.00386,21.39966,0.01043,WFI
58499.04125,20.55381,0.00422,20.50125,0.01502,20.54835,0.00990,21.32612,0.00871,WFI
58500.11274,20.56247,0.01557,20.48368,0.01429,20.52983,0.00235,21.32710,0.00445,WFI
58501.10202,20.55480,0.01077,20.48825,0.01304,20.56524,0.01161,21.26446,0.02608,WFI
58502.05126,20.56206,0.01412,20.51936,0.02369,20.50535,0.01692,21.37413,0.03008,WFI
58503.09944,20.54703,0.00886,20.47320,0.00192,20.53455,0.01534,21.31700,0.01596,WFI
58504.05133,20.60364,0.01088,20.53119,0.01224,20.55684,0.00983,21.37214,0.00648,WFI
58505.08202,20.57793,0.01836,20.48839,0.00917,20.51405,0.01022,21.35922,0.01709,WFI
58507.04228,20.55874,0.01249,20.51917,0.00757,20.53649,0.01087,21.33904,0.00885,WFI
58508.04282,20.56308,0.01176,20.51210,0.01023,20.51998,0.00086,21.38823,0.00522,WFI
58509.05385,20.55150,0.01638,20.52364,0.00602,20.53202,0.01290,21.33292,0.01489,WFI
58510.05980,20.56052,0.01125,20.51129,0.00960,20.53973,0.01266,21.30271,0.01725,WFI
58511.04285,20.57421,0.02821,20.49602,0.02133,20.52378,0.01700,21.30057,0.04391,WFI
58512.03796,20.56511,0.01266,20.48949,0.00478,20.55110,0.00520,21.27941,0.01401,WFI
58516.04129,20.60208,0.00827,20.52519,0.00550,20.50250,0.00302,21.29219,0.01389,WFI
58517.04582,20.56608,0.00477,20.51940,0.00881,20.51926,0.00899,21.39468,0.00981,WFI
58520.03554,20.57446,0.01107,20.54337,0.00740,20.53486,0.00336,21.34881,0.00253,WFI
58522.03013,20.50582,0.05319,20.52225,0.00194,20.59516,0.02546,21.37980,0.04189,WFI
58524.04461,20.57406,0.03024,20.48257,0.00504,20.52775,0.03769,21.38080,0.12180,WFI
58525.03082,20.59643,0.02189,20.51592,0.00424,20.52514,0.03098,21.36059,0.03505,WFI
58528.02880,20.58551,0.02680,20.47600,0.00607,20.58734,0.02683,21.32970,0.11112,WFI
58529.02811,20.60457,0.00324,20.47397,0.00398,20.56891,0.01097,21.32998,0.02654,WFI
58708.41798,20.50705,0.00757,20.41435,0.00784,20.44595,0.00685,21.27098,0.01650,WFI
58711.34632,20.50328,0.03091,20.38189,0.01869,20.37301,0.03038,21.48074,0.05565,WFI
58713.41124,20.50115,0.01524,20.41063,0.01450,20.40785,0.01483,21.28075,0.01073,WFI
58714.38976,20.49340,0.00080,20.39228,0.00260,20.43797,0.00069,21.24723,0.03775,WFI
58715.42343,20.50472,0.03034,20.40387,0.02140,20.43420,0.02844,21.39625,0.04940,WFI
58716.35497,20.52631,0.01254,20.40475,0.00149,20.43386,0.00787,21.23910,0.01974,WFI
58717.39177,20.47631,0.00986,20.38044,0.02576,20.45095,0.01192,21.27683,0.03089,WFI
58718.35998,20.51140,0.00609,20.39281,0.00839,20.44346,0.00615,21.29988,0.01183,WFI
58719.35138,20.49874,0.00758,20.39826,0.00212,20.44695,0.01594,21.25856,0.01042,WFI
58720.42538,20.51159,0.01069,20.40178,0.00921,20.44807,0.05802,21.16382,0.01064,WFI
58721.30118,20.51105,0.00984,20.40449,0.00434,20.44449,0.00138,21.24022,0.01159,WFI
58722.28246,20.49392,0.00412,20.39805,0.00306,20.45091,0.00484,21.27007,0.00801,WFI
58723.29977,20.48890,0.01379,20.40214,0.00568,20.46734,0.01301,21.30520,0.00768,WFI
58724.23120,20.50661,0.00665,20.39317,0.00711,20.44154,0.00987,21.27422,0.00584,WFI
58725.32391,20.50802,0.00878,20.39517,0.00540,20.44771,0.01200,21.25500,0.00558,WFI
58726.24189,20.51486,0.01239,20.38285,0.00377,20.45391,0.00314,21.24533,0.02521,WFI
58727.22630,20.51473,0.01661,20.40368,0.00549,20.45004,0.00510,21.24802,0.01123,WFI
58728.25564,20.51513,0.00338,20.38516,0.00435,20.46876,0.00355,21.26906,0.00163,WFI
58729.20467,20.52289,0.01025,20.38672,0.00079,20.45325,0.00630,21.28593,0.02119,WFI
58730.21790,20.52245,0.01053,20.40010,0.01051,20.42626,0.00281,21.25856,0.00198,WFI
58734.24703,20.48438,0.00271,20.34850,0.00400,20.45404,0.04077,21.31710,0.07928,WFI
58738.19231,20.50359,0.03607,20.36607,0.02506,20.45814,0.06643,21.07431,0.02790,WFI
58739.28420,20.47434,0.02037,20.37314,0.02650,20.44367,0.02520,21.21352,0.02050,WFI
58741.21183,20.50109,0.00900,20.34278,0.00705,20.46344,0.00668,21.28506,0.02350,WFI
58744.24899,20.49688,0.01958,20.39606,0.04809,20.50829,0.02541,21.10797,0.02966,WFI
58745.15581,20.46309,0.00791,20.44825,0.07620,20.52164,0.04845,21.09790,0.01158,WFI
58746.39747,20.43783,0.03034,20.31325,0.02140,20.36938,0.02844,21.33589,0.04940,WFI
58748.37622,20.47323,0.01170,20.35800,0.01259,20.42841,0.00875,21.25095,0.02290,WFI
58750.38833,20.47114,0.00718,20.33528,0.00353,20.42597,0.00576,21.25670,0.02848,WFI
58751.27155,20.52550,0.03034,20.31184,0.02140,20.44301,0.02844,21.15736,0.04940,WFI
58752.32257,20.47711,0.00033,20.34898,0.00248,20.42157,0.00369,21.21399,0.00345,WFI
58754.30691,20.45250,0.00775,20.35772,0.00790,20.41771,0.00313,21.24107,0.00463,WFI
58755.27540,20.47742,0.00615,20.35057,0.00412,20.40548,0.00399,21.24870,0.00833,WFI
58756.24260,20.48016,0.01309,20.34327,0.00768,20.44011,0.01352,21.19965,0.01348,WFI
58758.29832,20.46957,0.00896,20.37100,0.00455,20.40220,0.00394,21.25479,0.02809,WFI
58760.24809,20.50070,0.00697,20.35252,0.00727,20.41853,0.01527,21.22355,0.00532,WFI
58761.23439,20.45894,0.01289,20.35693,0.00716,20.40627,0.00033,21.23925,0.01373,WFI
58762.24304,20.47061,0.00516,20.36406,0.00256,20.40886,0.00201,21.22736,0.01588,WFI
58764.13007,20.41625,0.01254,20.33061,0.00614,20.39062,0.00354,21.29080,0.05940,WFI
58766.12122,20.52509,0.00136,20.36971,0.00184,20.46900,0.01438,21.21232,0.03467,WFI
58768.16695,20.49894,0.02482,20.31158,0.00553,20.38191,0.00948,21.24172,0.01264,WFI
58773.23861,20.39935,0.00983,20.32655,0.00444,20.41155,0.02512,21.13526,0.02283,WFI
58774.08596,20.48488,0.02801,20.31638,0.00666,20.45416,0.01218,21.17975,0.03173,WFI
58775.16220,20.46507,0.00546,20.30700,0.00418,20.40535,0.01209,21.22451,0.00997,WFI
58776.20823,20.49255,0.03039,20.29753,0.02298,20.49473,0.00892,21.09505,0.06312,WFI
58777.23473,20.42406,0.01206,20.27837,0.02428,20.46121,0.02014,21.20548,0.01392,WFI
58780.19701,20.52110,0.03034,20.32309,0.02140,20.49213,0.02844,21.29429,0.04940,WFI
58781.14757,20.44926,0.01004,20.26719,0.00265,20.40591,0.00666,21.24254,0.01612,WFI
58782.21776,20.44293,0.00424,20.26274,0.00195,20.40497,0.00516,21.25925,0.00624,WFI
58783.23550,20.44330,0.00034,20.25655,0.00310,20.39414,0.00463,21.23637,0.01164,WFI
58784.23846,20.41917,0.01012,20.25900,0.01251,20.39501,0.00099,21.25332,0.00717,WFI
58785.27232,20.41396,0.00213,20.26021,0.00463,20.38276,0.00329,21.22158,0.00717,WFI
58787.14339,20.45169,0.01423,20.27584,0.00103,20.41500,0.00386,21.28227,0.03454,WFI
58791.22875,20.39065,0.01590,20.25968,0.00595,20.36342,0.00252,21.24653,0.02186,WFI
58792.19383,20.40053,0.00657,20.25852,0.00604,20.33972,0.01325,21.21960,0.01698,WFI
58793.16364,20.40270,0.00399,20.26404,0.00499,20.34350,0.00317,21.21728,0.01414,WFI
58794.16981,20.38794,0.00221,20.26696,0.01204,20.33784,0.00781,21.20361,0.00687,WFI
58795.15824,20.39859,0.00320,20.25310,0.00529,20.33444,0.00293,21.20924,0.01073,WFI
58796.14327,20.40168,0.00960,20.26500,0.00650,20.31201,0.00036,21.15710,0.01418,WFI
58797.11201,20.38584,0.00500,20.26251,0.00602,20.33085,0.00834,21.22730,0.02618,WFI
58802.16996,20.40176,0.03034,20.24720,0.02140,20.31466,0.02844,21.21260,0.04940,WFI
58803.11218,20.40203,0.02057,20.25002,0.01534,20.30489,0.00149,21.21360,0.02553,WFI
58804.16155,20.40905,0.00372,20.26678,0.01066,20.29197,0.00282,21.17694,0.01287,WFI
58805.14064,20.39279,0.00438,20.25907,0.00610,20.31166,0.00475,21.20336,0.00459,WFI
58806.18446,20.38610,0.00855,20.25640,0.00497,20.33058,0.00851,21.20927,0.00596,WFI
58807.16844,20.38674,0.00781,20.25104,0.00966,20.33471,0.00138,21.22691,0.01726,WFI
58808.15283,20.41260,0.00635,20.26037,0.00607,20.33309,0.00600,21.21052,0.00934,WFI
58810.20017,20.39753,0.00434,20.24362,0.00140,20.32259,0.00246,21.16911,0.01423,WFI
58811.17202,20.39382,0.00279,20.24783,0.00456,20.32784,0.00041,21.21998,0.00134,WFI
58813.15965,20.39314,0.00462,20.24482,0.00421,20.33484,0.00952,21.19830,0.00224,WFI
58814.15063,20.38141,0.00276,20.24904,0.00673,20.33259,0.00440,21.21102,0.01129,WFI
58815.21013,20.39672,0.00369,20.25418,0.00901,20.31925,0.00693,21.19198,0.01030,WFI
58816.13764,20.39294,0.01924,20.23312,0.00856,20.32246,0.00194,21.23072,0.02233,WFI
58817.11098,20.41101,0.01096,20.21642,0.01097,20.30664,0.01680,21.16851,0.01363,WFI
58818.16242,20.40957,0.00288,20.22462,0.00304,20.31537,0.00534,21.21223,0.01241,WFI
58819.18462,20.41206,0.01139,20.19817,0.00323,20.31115,0.01516,21.20751,0.01156,WFI
58820.16278,20.38048,0.00462,20.22404,0.00562,20.29733,0.01143,21.26074,0.02418,WFI
58821.12467,20.38637,0.00927,20.21727,0.01238,20.33468,0.01368,21.16646,0.01987,WFI
58822.10579,20.39221,0.02599,20.20819,0.00935,20.35870,0.01215,21.14716,0.00928,WFI
58823.10073,20.37833,0.01340,20.20789,0.01305,20.31313,0.00948,21.22344,0.01370,WFI
58825.06835,20.35856,0.02793,20.19089,0.00869,20.34947,0.01111,21.18336,0.00615,WFI
58826.18663,20.37410,0.00681,20.20606,0.01140,20.33557,0.00754,21.22543,0.00922,WFI
58827.12600,20.35192,0.01578,20.24133,0.00400,20.30654,0.01031,21.23420,0.00452,WFI
58828.13734,20.33923,0.01435,20.23939,0.01068,20.29388,0.00687,21.17631,0.01857,WFI
58829.16809,20.36218,0.00172,20.21359,0.00185,20.32372,0.00390,21.18083,0.00401,WFI
58830.15630,20.36805,0.01238,20.23318,0.00393,20.31963,0.00948,21.20635,0.02179,WFI
58831.12233,20.36954,0.01015,20.18814,0.00628,20.29586,0.01053,21.16710,0.01856,WFI
58832.12616,20.30919,0.01739,20.23662,0.01864,20.35419,0.03385,21.22606,0.12565,WFI
58833.15751,20.38997,0.01107,20.18150,0.02077,20.30776,0.01306,21.16548,0.03757,WFI
58834.12069,20.36028,0.00951,20.18266,0.00993,20.29496,0.00453,21.13635,0.01923,WFI
58835.12383,20.37533,0.00423,20.21330,0.00700,20.28954,0.00265,21.19635,0.00197,WFI
58836.10293,20.35586,0.00199,20.20300,0.00792,20.28292,0.00954,21.20046,0.00211,WFI
58837.10388,20.37118,0.00966,20.20905,0.00802,20.26810,0.00611,21.16318,0.01422,WFI
58838.12269,20.37510,0.00504,20.19444,0.00363,20.28836,0.00171,21.19010,0.00879,WFI
58839.16290,20.34528,0.00466,20.20404,0.00569,20.30441,0.00402,21.19923,0.00433,WFI
58840.10647,20.35390,0.00075,20.20830,0.00414,20.28506,0.00350,21.18455,0.00731,WFI
58841.13207,20.36097,0.00540,20.19876,0.00541,20.30419,0.00376,21.18885,0.00432,WFI
58842.16012,20.36168,0.00234,20.20638,0.00552,20.30593,0.00323,21.16944,0.02050,WFI
58843.11997,20.34637,0.00787,20.20670,0.00478,20.29394,0.00493,21.17515,0.01151,WFI
58844.06261,20.35305,0.00269,20.21680,0.00628,20.29885,0.00302,21.17257,0.00696,WFI
58846.11866,20.37895,0.01361,20.24097,0.00885,20.35185,0.01741,21.22233,0.01888,WFI
58847.06533,20.35239,0.01040,20.20090,0.00424,20.28262,0.00234,21.17560,0.01676,WFI
58848.06383,20.35048,0.00733,20.19683,0.00060,20.28861,0.00279,21.18898,0.02446,WFI
58849.06461,20.35560,0.00344,20.20302,0.00367,20.29929,0.00988,21.13836,0.03021,WFI
58850.09163,20.34260,0.00239,20.20525,0.00481,20.28807,0.00218,21.14707,0.03243,WFI
58851.09007,20.32583,0.01307,20.21094,0.01055,20.27201,0.01472,21.16850,0.00749,WFI
58852.07296,20.35582,0.01718,20.20052,0.00160,20.27682,0.00209,21.16757,0.01986,WFI
58853.13455,20.32908,0.01732,20.22925,0.01592,20.26365,0.00627,21.17777,0.01386,WFI
58857.09367,20.35860,0.00889,20.23962,0.01514,20.27842,0.01528,21.22005,0.04850,WFI
58858.08787,20.34614,0.01098,20.22254,0.00630,20.29049,0.00846,21.17029,0.00969,WFI
58859.11549,20.34816,0.00780,20.21206,0.00091,20.27602,0.00986,21.18100,0.00324,WFI
58860.07943,20.33114,0.01160,20.22222,0.01487,20.28509,0.01897,21.16445,0.02425,WFI
58861.06572,20.36725,0.00177,20.21953,0.00107,20.27699,0.00558,21.15720,0.00623,WFI
58862.06844,20.36828,0.00882,20.23529,0.00509,20.27342,0.00506,21.16654,0.01247,WFI
58864.06844,20.36295,0.00235,20.22397,0.00180,20.28293,0.00628,21.13693,0.00486,WFI
58865.10274,20.36333,0.00315,20.22300,0.00643,20.26938,0.00134,21.16924,0.01286,WFI
58866.08152,20.39038,0.00371,20.23366,0.00518,20.30528,0.01161,21.17519,0.00347,WFI
58868.10123,20.39898,0.00408,20.22926,0.00064,20.30751,0.00235,21.20758,0.00868,WFI
58869.09479,20.36527,0.01033,20.24185,0.00478,20.29454,0.00153,21.20373,0.01244,WFI
58871.11360,20.37955,0.00543,20.25783,0.01467,20.30163,0.01885,21.18780,0.03507,WFI
58874.05407,20.38485,0.01523,20.25040,0.01019,20.35560,0.00749,21.14254,0.03801,WFI
58875.08315,20.37819,0.00196,20.22653,0.00403,20.31584,0.00411,21.17406,0.00820,WFI
58881.06394,20.39706,0.01239,20.24382,0.01560,20.31179,0.01078,21.19231,0.05203,WFI
58882.06684,20.38870,0.00759,20.23239,0.00281,20.30394,0.00010,21.14012,0.00903,WFI
58883.03841,20.38196,0.00339,20.23985,0.00788,20.29272,0.01238,21.21649,0.00432,WFI
58884.03657,20.32594,0.03326,20.25180,0.01701,20.33997,0.02979,21.07045,0.04620,WFI
58885.05908,20.39276,0.08074,20.22168,0.01569,20.30563,0.03549,21.05986,0.07420,WFI
58886.04579,20.37982,0.01089,20.22748,0.00722,20.28797,0.00580,21.21437,0.03334,WFI
58888.03344,20.34795,0.00825,20.27507,0.01094,20.29868,0.00571,21.19349,0.06232,WFI
58889.02982,20.37714,0.00558,20.25696,0.00981,20.31886,0.03265,21.11832,0.04925,WFI
58890.02840,20.39785,0.00477,20.28851,0.00888,20.34047,0.01239,21.20227,0.00824,WFI
58891.02722,20.38299,0.00222,20.26072,0.00627,20.31622,0.01109,21.19728,0.00867,WFI
58892.03151,20.40628,0.01716,20.27995,0.00139,20.31130,0.00607,21.18641,0.01611,WFI
58893.02591,20.39180,0.00367,20.26864,0.00279,20.31425,0.00641,21.20692,0.00524,WFI
58894.02452,20.41489,0.00213,20.28540,0.00685,20.31372,0.00695,21.18528,0.00519,WFI
58897.02312,20.38824,0.01192,20.29202,0.00542,20.30706,0.00656,21.17441,0.00967,WFI
58898.02257,20.40448,0.00923,20.29859,0.00786,20.29995,0.00328,21.15246,0.00379,WFI
